{"MEN-standartized.csv": {"euclidean": [[100, 0.99840436500678], [50, 0.997797843277504], [10, 0.9991907009467561], [5, 0.9947567973716158], [3, 0.971607446212051], [2, 0.9218318213384762], [1, 0.7415627380277069]], "cosine": [[100, 0.962245746500745], [50, 0.9622468210842989], [10, 0.960908524590554], [5, 0.9500202791647423], [3, 0.9057850943389941], [2, 0.7913110396553552], [1, -0.20288162825950343]]}, "SimLex-999-standartized.csv": {"euclidean": [[100, 0.9927928522013884], [50, 0.9917809497413765], [10, 0.9888866386169872], [5, 0.9881285636405532], [3, 0.9878625157646874], [2, 0.9847711631903275], [1, 0.959571566899476]], "cosine": [[100, 0.9520340354640648], [50, 0.9544259425869474], [10, 0.9531178665999572], [5, 0.9521458564708672], [3, 0.9508854187755746], [2, 0.9307827373152856], [1, -0.5160710263347761]]}, "WordSim-353-standartized.csv": {"euclidean": [[100, 0.990461041489857], [50, 0.9859504743743152], [10, 0.9789294578056695], [5, 0.9783496109994725], [3, 0.9751297198808782], [2, 0.9769440479109884], [1, 0.9625197515645386]], "cosine": [[100, 0.9696051338172639], [50, 0.9714851014419708], [10, 0.9566121126047176], [5, 0.9596368202982658], [3, 0.9482316146567992], [2, 0.9523067607655872], [1, -0.5314192959305726]]}}